region,build_year,carrier,capacity_mw
NSW,2030,gas,527.8402560016606
NSW,2040,gas,527.8402560016606
NSW,2050,gas,527.8402560016606
VIC,2030,gas,527.8402560016606
VIC,2040,gas,527.8402560016606
VIC,2050,gas,527.8402560016606
