period,sector,target_twh
2030,Industrial,0.34599429594565034
2040,Industrial,0.40858404936151665
2050,Industrial,0.38014331729922857
